TeamID,Season,WinRatio,PPG,AllowedPPG
3101,2014,0.478,70.0,69.913
3102,2014,0.034,53.621,76.724
3103,2014,0.71,82.742,73.677
3104,2014,0.467,64.8,68.867
3105,2014,0.2,65.833,76.9
3106,2014,0.5,63.692,63.654
3107,2014,0.875,71.781,54.625
3108,2014,0.267,53.033,68.9
3109,2014,,,
3110,2014,0.71,64.258,54.71
3111,2014,0.429,62.429,65.429
3112,2014,0.167,57.867,66.033
3113,2014,0.71,69.935,65.226
3114,2014,0.6,60.633,58.433
3115,2014,0.074,57.852,73.519
3116,2014,0.633,66.567,54.1
3117,2014,0.667,73.424,65.97
3118,2014,,,
3119,2014,0.774,65.677,57.839
3120,2014,0.533,64.767,62.933
3121,2014,,,
3122,2014,0.286,68.714,77.5
3123,2014,0.529,68.059,66.853
3124,2014,0.879,84.0,61.788
3125,2014,0.452,64.742,67.677
3126,2014,0.357,58.036,64.25
3127,2014,0.167,49.567,64.633
3128,2014,,,
3129,2014,0.536,70.357,69.25
3130,2014,0.4,66.5,70.333
3131,2014,0.394,59.606,64.879
3132,2014,0.871,70.226,56.516
3133,2014,0.267,69.667,80.367
3134,2014,,,
3135,2014,0.357,63.25,66.75
3136,2014,0.548,71.71,69.032
3137,2014,0.552,67.517,68.379
3138,2014,0.552,67.345,67.517
3139,2014,0.5,64.867,65.6
3140,2014,0.812,72.375,63.875
3141,2014,0.645,82.645,77.516
3142,2014,0.581,76.161,76.581
3143,2014,0.7,70.4,65.767
3144,2014,0.586,63.793,62.793
3145,2014,0.433,58.267,63.667
3146,2014,0.571,59.643,57.893
3147,2014,,,
3148,2014,0.393,63.25,67.429
3149,2014,0.185,59.889,71.852
3150,2014,0.5,68.533,66.867
3151,2014,0.906,70.281,56.156
3152,2014,0.038,52.385,76.577
3153,2014,0.419,53.161,58.806
3154,2014,,,
3155,2014,0.406,59.0,66.062
3156,2014,0.448,75.138,76.897
3157,2014,0.444,69.889,72.444
3158,2014,0.548,69.065,70.032
3159,2014,0.267,61.833,71.267
3160,2014,0.548,68.871,62.968
3161,2014,0.767,72.233,62.033
3162,2014,0.214,60.036,72.893
3163,2014,1.0,82.706,47.0
3164,2014,0.517,65.138,65.897
3165,2014,0.5,63.143,62.536
3166,2014,0.594,65.594,62.656
3167,2014,0.615,74.115,75.077
3168,2014,0.4,61.833,65.9
3169,2014,0.562,68.531,66.625
3170,2014,0.6,83.133,83.4
3171,2014,0.179,56.036,69.821
3172,2014,0.5,69.406,71.031
3173,2014,0.767,81.967,72.633
3174,2014,0.667,64.067,58.133
3175,2014,0.222,63.111,75.593
3176,2014,0.281,69.0,76.406
3177,2014,0.812,83.25,70.406
3178,2014,0.179,70.25,81.071
3179,2014,0.531,71.031,71.812
3180,2014,0.484,59.452,55.806
3181,2014,0.818,80.242,63.909
3182,2014,0.613,68.871,63.065
3183,2014,0.429,62.714,68.643
3184,2014,0.552,68.0,67.552
3185,2014,0.519,72.333,72.778
3186,2014,0.517,68.655,69.621
3187,2014,0.724,71.69,63.724
3188,2014,0.367,65.167,71.533
3189,2014,0.448,63.862,66.759
3190,2014,0.3,65.467,70.7
3191,2014,0.5,66.833,66.233
3192,2014,0.103,60.103,74.759
3193,2014,0.667,61.4,59.667
3194,2014,0.536,77.393,73.786
3195,2014,0.788,70.364,59.455
3196,2014,0.613,75.097,70.129
3197,2014,0.533,70.967,71.3
3198,2014,0.438,68.844,69.219
3199,2014,0.645,70.581,64.419
3200,2014,0.781,67.0,56.062
3201,2014,0.69,70.241,64.931
3202,2014,0.571,66.286,66.214
3203,2014,0.667,75.133,69.367
3204,2014,0.323,62.355,70.484
3205,2014,0.517,64.31,65.586
3206,2014,0.258,68.968,75.226
3207,2014,0.323,64.871,69.452
3208,2014,0.655,67.069,58.69
3209,2014,0.387,67.161,73.065
3210,2014,0.645,79.71,70.871
3211,2014,0.879,75.455,56.03
3212,2014,0.31,68.586,77.862
3213,2014,0.704,68.704,61.63
3214,2014,0.875,71.062,56.0
3215,2014,,,
3216,2014,0.419,58.871,63.323
3217,2014,0.778,71.778,64.222
3218,2014,0.567,64.533,62.7
3219,2014,0.677,72.677,70.452
3220,2014,0.464,62.536,65.036
3221,2014,0.625,70.469,66.031
3222,2014,0.194,53.839,66.968
3223,2014,0.393,66.964,71.607
3224,2014,0.355,60.419,68.323
3225,2014,0.742,73.742,62.258
3226,2014,0.414,64.241,67.759
3227,2014,0.75,72.964,67.321
3228,2014,0.276,67.483,73.345
3229,2014,0.333,61.2,66.267
3230,2014,0.167,57.389,68.667
3231,2014,0.6,70.633,66.8
3232,2014,0.645,65.161,59.935
3233,2014,0.839,73.903,66.935
3234,2014,0.765,78.647,69.059
3235,2014,0.667,73.667,64.7
3236,2014,0.481,76.111,76.519
3237,2014,0.69,69.862,61.897
3238,2014,0.5,65.1,69.5
3239,2014,0.433,63.7,65.5
3240,2014,0.438,63.594,67.688
3241,2014,0.848,75.182,54.848
3242,2014,0.406,66.688,68.344
3243,2014,0.379,62.793,67.103
3244,2014,0.2,60.133,73.433
3245,2014,0.233,55.033,68.433
3246,2014,0.75,81.344,68.344
3247,2014,0.5,57.867,59.067
3248,2014,0.467,64.167,65.433
3249,2014,0.586,70.483,67.828
3250,2014,0.419,68.839,71.387
3251,2014,0.621,69.621,59.931
3252,2014,0.2,69.367,83.767
3253,2014,0.531,69.625,70.125
3254,2014,0.3,59.633,64.0
3255,2014,0.267,56.533,66.233
3256,2014,0.375,64.562,68.0
3257,2014,0.882,78.882,59.912
3258,2014,0.3,71.433,76.767
3259,2014,0.167,53.2,63.1
3260,2014,0.344,60.969,69.25
3261,2014,0.613,69.613,64.323
3262,2014,0.148,65.0,81.815
3263,2014,0.533,65.267,64.733
3264,2014,0.3,59.667,67.067
3265,2014,0.818,72.576,59.333
3266,2014,0.677,73.806,68.226
3267,2014,0.296,62.148,69.778
3268,2014,0.8,83.167,61.833
3269,2014,0.129,62.323,79.935
3270,2014,0.567,66.4,64.7
3271,2014,0.276,63.276,73.897
3272,2014,0.419,63.484,67.806
3273,2014,0.548,64.065,64.355
3274,2014,0.533,69.867,64.867
3275,2014,0.267,64.9,74.167
3276,2014,0.581,69.161,64.742
3277,2014,0.71,73.419,63.935
3278,2014,0.625,68.906,63.156
3279,2014,0.387,72.194,75.839
3280,2014,0.538,70.654,62.962
3281,2014,0.567,70.267,65.233
3282,2014,0.345,73.448,75.241
3283,2014,0.452,67.29,70.194
3284,2014,0.242,57.364,66.727
3285,2014,0.677,68.323,63.452
3286,2014,0.464,74.321,74.786
3287,2014,0.393,63.214,69.036
3288,2014,0.143,54.786,73.393
3289,2014,,,
3290,2014,0.3,61.267,71.4
3291,2014,0.594,70.562,69.688
3292,2014,0.879,67.606,55.182
3293,2014,0.37,71.556,74.37
3294,2014,0.464,63.25,66.143
3295,2014,0.143,65.75,75.071
3296,2014,0.367,61.733,63.967
3297,2014,0.586,64.448,62.759
3298,2014,0.774,68.161,58.677
3299,2014,0.793,65.621,55.31
3300,2014,0.379,56.276,63.759
3301,2014,0.774,75.387,66.774
3302,2014,,,
3303,2014,0.36,64.84,67.2
3304,2014,0.806,75.613,63.097
3305,2014,0.567,71.233,70.267
3306,2014,0.6,60.9,60.9
3307,2014,0.367,63.367,65.767
3308,2014,0.333,70.867,74.833
3309,2014,0.0,47.966,79.862
3310,2014,0.333,64.933,70.7
3311,2014,0.533,67.5,67.267
3312,2014,0.25,57.357,65.893
3313,2014,0.407,59.852,67.963
3314,2014,0.727,80.697,66.03
3315,2014,0.69,68.862,63.931
3316,2014,0.179,54.964,66.107
3317,2014,0.37,64.556,67.741
3318,2014,0.4,63.833,67.333
3319,2014,0.31,72.793,79.345
3320,2014,0.552,68.069,67.862
3321,2014,0.5,69.1,68.3
3322,2014,0.613,63.871,62.839
3323,2014,1.0,86.625,61.0
3324,2014,0.393,68.75,72.464
3325,2014,0.276,61.897,69.379
3326,2014,0.486,66.429,66.286
3327,2014,,,
3328,2014,0.548,77.065,68.774
3329,2014,0.742,70.903,59.742
3330,2014,0.533,68.567,66.8
3331,2014,0.286,63.143,71.429
3332,2014,0.517,93.897,89.862
3333,2014,0.688,70.25,61.594
3334,2014,0.571,75.393,72.929
3335,2014,0.786,65.143,55.857
3336,2014,0.759,75.897,67.0
3337,2014,0.194,64.419,75.581
3338,2014,0.355,62.742,69.355
3339,2014,0.467,68.267,68.333
3340,2014,0.25,64.607,77.929
3341,2014,0.452,65.323,69.774
3342,2014,0.37,50.704,53.704
3343,2014,0.714,75.107,63.25
3344,2014,0.233,69.167,74.667
3345,2014,0.724,74.552,68.241
3346,2014,0.636,73.576,67.697
3347,2014,0.179,54.393,66.679
3348,2014,0.207,54.897,60.966
3349,2014,0.433,62.367,66.133
3350,2014,0.467,64.033,64.0
3351,2014,0.469,63.75,64.094
3352,2014,0.656,70.031,64.375
3353,2014,0.71,66.387,58.742
3354,2014,0.231,55.577,64.577
3355,2014,0.71,70.258,66.29
3356,2014,0.172,56.931,71.069
3357,2014,0.4,68.933,71.967
3358,2014,0.429,63.857,69.929
3359,2014,0.345,54.621,59.138
3360,2014,0.724,69.0,59.793
3361,2014,0.433,64.0,67.333
3362,2014,0.387,69.097,75.581
3363,2014,0.321,76.429,87.643
3364,2014,0.241,63.828,70.655
3365,2014,0.31,66.897,75.207
3366,2014,0.567,64.233,64.933
3367,2014,0.533,66.533,71.767
3368,2014,0.241,67.448,78.897
3369,2014,0.321,63.143,70.036
3370,2014,0.5,72.188,70.656
3371,2014,0.581,71.032,67.677
3372,2014,0.6,67.867,61.433
3373,2014,0.29,61.548,68.839
3374,2014,0.567,67.6,68.367
3375,2014,0.259,60.481,69.63
3376,2014,0.871,73.194,55.097
3377,2014,0.567,75.4,74.633
3378,2014,0.6,67.433,59.067
3379,2014,0.8,77.5,68.967
3380,2014,0.692,71.731,70.692
3381,2014,0.69,74.0,68.31
3382,2014,0.697,61.727,60.697
3383,2014,0.633,66.733,62.133
3384,2014,0.469,82.406,85.375
3385,2014,0.688,66.625,61.812
3386,2014,0.71,72.226,63.806
3387,2014,0.414,62.0,64.31
3388,2014,0.71,77.161,71.387
3389,2014,0.1,49.5,64.2
3390,2014,0.906,77.594,60.094
3391,2014,0.781,79.844,66.75
3392,2014,0.75,65.812,59.656
3393,2014,0.71,73.484,63.871
3394,2014,0.586,66.759,63.586
3395,2014,0.562,62.938,58.062
3396,2014,0.483,64.414,64.241
3397,2014,0.844,78.938,63.469
3398,2014,0.379,68.621,73.345
3399,2014,0.379,67.345,73.69
3400,2014,0.656,69.562,59.688
3401,2014,0.75,70.25,59.0
3402,2014,0.483,63.483,68.103
3403,2014,0.207,58.759,69.552
3404,2014,0.774,84.613,71.903
3405,2014,0.5,69.5,67.531
3406,2014,0.433,59.2,64.0
3407,2014,0.379,79.103,81.379
3408,2014,0.655,68.207,63.241
3409,2014,0.429,69.536,71.429
3410,2014,0.429,63.071,67.571
3411,2014,0.625,70.562,68.406
3412,2014,0.516,67.774,64.516
3413,2014,0.467,66.6,68.133
3414,2014,0.516,71.968,72.613
3415,2014,0.214,67.179,75.107
3416,2014,0.31,56.345,66.069
3417,2014,0.4,62.933,68.067
3418,2014,0.429,64.107,66.5
3419,2014,0.333,69.6,75.167
3420,2014,0.107,50.643,63.75
3421,2014,0.333,60.433,65.567
3422,2014,0.233,63.5,73.2
3423,2014,0.156,53.281,69.969
3424,2014,0.4,66.767,67.9
3425,2014,0.647,67.118,64.382
3426,2014,0.138,61.138,71.31
3427,2014,0.433,62.133,66.5
3428,2014,0.387,59.548,63.452
3429,2014,0.483,76.276,75.483
3430,2014,0.207,64.655,69.828
3431,2014,0.759,78.517,68.448
3432,2014,,,
3433,2014,0.71,75.806,66.548
3434,2014,0.194,64.903,75.806
3435,2014,0.621,72.241,66.655
3436,2014,0.233,61.967,71.167
3437,2014,0.733,64.6,57.533
3438,2014,0.452,70.29,68.355
3439,2014,0.467,64.667,63.1
3440,2014,,,
3441,2014,0.469,61.406,62.531
3442,2014,0.407,76.296,76.889
3443,2014,0.75,73.062,63.625
3444,2014,0.419,66.903,69.903
3445,2014,,,
3446,2014,,,
3447,2014,0.3,64.333,72.733
3448,2014,0.467,68.233,69.533
3449,2014,0.567,72.567,72.767
3450,2014,0.515,74.182,75.515
3451,2014,0.185,66.556,73.407
3452,2014,0.875,73.562,58.844
3453,2014,0.7,68.267,59.733
3454,2014,0.267,69.367,77.633
3455,2014,0.812,71.562,57.188
3456,2014,0.276,61.862,69.862
3457,2014,0.75,69.156,59.469
3458,2014,0.345,65.483,67.793
3459,2014,0.179,58.571,70.679
3460,2014,0.758,83.818,76.242
3461,2014,0.621,73.0,66.034
3462,2014,0.258,59.194,67.839
3463,2014,0.464,65.571,65.071
3464,2014,0.448,69.483,72.586
3465,2014,,,
3466,2014,,,
3101,2015,0.52,65.04,62.64
3102,2015,0.067,53.8,77.3
3103,2015,0.724,73.862,66.448
3104,2015,0.406,59.656,62.312
3105,2015,0.2,59.8,70.733
3106,2015,0.5,60.429,61.143
3107,2015,0.742,69.0,55.452
3108,2015,0.357,53.929,60.964
3109,2015,,,
3110,2015,0.75,63.344,57.219
3111,2015,0.448,67.207,70.655
3112,2015,0.333,58.1,66.6
3113,2015,0.844,67.938,55.625
3114,2015,0.875,65.281,51.031
3115,2015,0.192,51.577,68.577
3116,2015,0.567,60.3,55.4
3117,2015,0.688,71.406,65.312
3118,2015,,,
3119,2015,0.759,60.138,52.724
3120,2015,0.419,57.613,55.613
3121,2015,,,
3122,2015,0.31,69.345,75.0
3123,2015,0.567,64.633,60.033
3124,2015,0.909,80.061,59.394
3125,2015,0.467,62.5,65.5
3126,2015,0.393,56.821,63.679
3127,2015,0.138,58.621,71.034
3128,2015,,,
3129,2015,0.667,70.7,62.8
3130,2015,0.433,65.333,71.067
3131,2015,0.167,55.467,65.633
3132,2015,0.3,55.8,61.6
3133,2015,0.2,57.833,70.2
3134,2015,,,
3135,2015,0.357,65.464,69.179
3136,2015,0.71,70.613,66.194
3137,2015,0.6,61.067,57.9
3138,2015,0.613,64.452,62.484
3139,2015,0.448,63.0,67.379
3140,2015,0.71,68.452,64.581
3141,2015,0.419,65.742,68.226
3142,2015,0.517,67.276,66.966
3143,2015,0.719,69.531,62.188
3144,2015,0.586,60.103,61.448
3145,2015,0.333,61.5,65.3
3146,2015,0.481,56.852,59.481
3147,2015,,,
3148,2015,0.613,63.258,60.839
3149,2015,0.038,52.885,68.692
3150,2015,0.469,66.438,64.719
3151,2015,0.906,63.344,50.438
3152,2015,0.077,51.731,71.692
3153,2015,0.258,54.677,68.226
3154,2015,,,
3155,2015,0.3,58.933,71.1
3156,2015,0.586,70.276,71.31
3157,2015,0.32,66.2,68.6
3158,2015,0.167,55.867,69.267
3159,2015,0.29,57.71,62.032
3160,2015,0.469,69.125,68.344
3161,2015,0.75,65.321,58.143
3162,2015,0.296,62.074,68.111
3163,2015,0.97,89.727,47.667
3164,2015,0.222,58.37,67.889
3165,2015,0.536,58.571,57.893
3166,2015,0.567,69.067,66.667
3167,2015,0.733,73.667,67.033
3168,2015,0.406,59.688,62.625
3169,2015,0.719,67.406,58.531
3170,2015,0.516,86.161,82.0
3171,2015,0.5,55.786,58.714
3172,2015,0.167,56.367,67.967
3173,2015,0.806,75.774,63.839
3174,2015,0.469,61.656,61.031
3175,2015,0.107,60.429,78.0
3176,2015,0.258,60.742,71.452
3177,2015,0.788,86.788,69.879
3178,2015,0.357,63.286,67.643
3179,2015,0.655,75.517,70.724
3180,2015,0.667,58.067,55.4
3181,2015,0.677,70.774,59.129
3182,2015,0.677,70.581,63.258
3183,2015,0.333,59.267,66.633
3184,2015,0.32,61.8,69.8
3185,2015,0.613,66.032,64.032
3186,2015,0.607,69.5,64.643
3187,2015,0.677,66.452,60.323
3188,2015,0.613,69.677,65.323
3189,2015,0.586,66.31,66.103
3190,2015,0.656,68.375,64.25
3191,2015,0.387,62.226,67.226
3192,2015,0.333,66.367,69.767
3193,2015,0.484,57.29,60.774
3194,2015,0.414,66.931,72.483
3195,2015,0.935,71.677,52.871
3196,2015,0.433,61.933,62.033
3197,2015,0.259,56.481,67.222
3198,2015,0.103,58.0,75.517
3199,2015,0.879,75.727,56.939
3200,2015,0.633,59.167,54.7
3201,2015,0.69,63.0,59.586
3202,2015,0.567,66.933,65.5
3203,2015,0.903,72.71,58.323
3204,2015,0.143,59.643,72.0
3205,2015,0.433,62.5,64.233
3206,2015,0.433,67.833,73.4
3207,2015,0.129,63.161,73.355
3208,2015,0.613,58.903,54.161
3209,2015,0.414,65.897,68.103
3210,2015,0.562,72.656,67.688
3211,2015,0.774,71.355,61.097
3212,2015,0.259,54.148,67.148
3213,2015,0.44,60.12,59.56
3214,2015,0.6,64.733,59.067
3215,2015,,,
3216,2015,0.485,58.545,59.939
3217,2015,0.5,65.143,69.714
3218,2015,0.724,66.724,59.448
3219,2015,0.613,69.161,64.968
3220,2015,0.625,62.156,58.125
3221,2015,0.469,62.094,63.719
3222,2015,0.214,52.536,66.0
3223,2015,0.379,64.034,67.586
3224,2015,0.129,60.581,75.032
3225,2015,0.444,67.259,66.185
3226,2015,0.385,62.423,69.577
3227,2015,0.5,62.286,61.214
3228,2015,0.484,66.871,64.258
3229,2015,0.067,52.4,68.667
3230,2015,0.12,56.04,68.8
3231,2015,0.484,71.903,65.774
3232,2015,0.552,61.483,60.483
3233,2015,0.5,69.033,66.267
3234,2015,0.774,79.806,72.613
3235,2015,0.6,69.5,63.167
3236,2015,0.25,67.857,75.107
3237,2015,0.448,64.759,65.414
3238,2015,0.452,63.581,68.065
3239,2015,0.37,59.667,66.148
3240,2015,0.655,64.966,59.552
3241,2015,0.903,75.516,59.161
3242,2015,0.469,63.281,62.0
3243,2015,0.567,58.9,57.7
3244,2015,0.567,63.433,62.533
3245,2015,0.172,55.345,65.828
3246,2015,0.719,74.375,68.562
3247,2015,0.484,62.0,65.226
3248,2015,0.452,58.065,60.452
3249,2015,0.519,70.222,69.296
3250,2015,0.6,68.467,64.433
3251,2015,0.806,67.29,57.742
3252,2015,0.25,63.214,71.893
3253,2015,0.7,67.733,61.2
3254,2015,0.3,64.233,70.267
3255,2015,0.133,55.8,70.933
3256,2015,0.5,69.967,69.9
3257,2015,0.806,73.355,58.065
3258,2015,0.226,65.355,74.968
3259,2015,0.233,52.667,63.6
3260,2015,0.194,55.161,68.194
3261,2015,0.567,63.233,60.067
3262,2015,0.464,62.679,70.286
3263,2015,0.742,61.097,53.968
3264,2015,0.1,51.667,66.533
3265,2015,0.656,63.656,59.094
3266,2015,0.29,67.355,77.903
3267,2015,0.5,62.571,62.071
3268,2015,0.938,80.219,60.906
3269,2015,0.4,60.767,64.933
3270,2015,0.5,67.731,70.654
3271,2015,0.433,61.1,64.267
3272,2015,0.452,58.419,62.323
3273,2015,0.562,66.469,63.625
3274,2015,0.613,66.806,59.452
3275,2015,0.207,54.517,65.172
3276,2015,0.5,69.821,67.143
3277,2015,0.516,68.0,64.548
3278,2015,0.719,76.312,71.719
3279,2015,0.567,64.533,62.7
3280,2015,0.812,74.156,57.656
3281,2015,0.567,63.367,59.533
3282,2015,0.214,57.107,66.0
3283,2015,0.562,67.375,66.75
3284,2015,0.419,63.323,66.548
3285,2015,0.733,65.667,57.967
3286,2015,0.464,66.893,68.286
3287,2015,0.379,69.172,73.621
3288,2015,0.269,55.385,63.385
3289,2015,,,
3290,2015,0.071,49.357,67.393
3291,2015,0.267,57.167,66.3
3292,2015,0.7,72.533,59.5
3293,2015,0.222,70.593,78.667
3294,2015,0.613,66.129,60.806
3295,2015,0.357,67.714,73.286
3296,2015,0.414,54.759,55.759
3297,2015,0.581,61.613,61.839
3298,2015,0.533,55.067,54.133
3299,2015,0.621,59.448,54.793
3300,2015,0.25,51.5,65.357
3301,2015,0.533,66.667,62.5
3302,2015,,,
3303,2015,0.308,58.731,65.538
3304,2015,0.677,67.065,60.548
3305,2015,0.276,57.862,63.241
3306,2015,0.571,59.929,60.786
3307,2015,0.625,61.625,59.844
3308,2015,0.741,71.926,65.704
3309,2015,0.28,57.6,68.4
3310,2015,0.452,62.71,62.484
3311,2015,0.552,62.966,63.483
3312,2015,0.37,53.815,58.296
3313,2015,0.467,63.7,62.267
3314,2015,0.75,75.469,64.656
3315,2015,0.517,69.69,68.172
3316,2015,0.321,52.036,63.179
3317,2015,0.172,51.828,61.897
3318,2015,0.138,60.379,68.724
3319,2015,0.429,62.607,65.786
3320,2015,0.548,63.71,60.935
3321,2015,0.733,71.333,63.4
3322,2015,0.517,59.724,63.0
3323,2015,0.939,81.242,59.545
3324,2015,0.357,65.964,71.821
3325,2015,0.867,70.3,55.933
3326,2015,0.697,80.667,71.091
3327,2015,,,
3328,2015,0.645,73.484,67.419
3329,2015,0.645,64.258,55.968
3330,2015,0.625,62.438,60.594
3331,2015,0.483,61.966,65.0
3332,2015,0.433,65.3,67.9
3333,2015,0.862,72.448,57.138
3334,2015,0.679,69.607,65.679
3335,2015,0.704,59.593,54.333
3336,2015,0.2,62.867,70.767
3337,2015,0.267,63.233,71.333
3338,2015,0.633,66.5,59.9
3339,2015,0.133,63.7,73.533
3340,2015,0.148,55.519,76.889
3341,2015,0.419,61.323,67.355
3342,2015,0.483,52.207,52.276
3343,2015,1.0,76.241,51.138
3344,2015,0.2,60.567,70.167
3345,2015,0.355,63.194,66.323
3346,2015,0.912,78.382,63.176
3347,2015,0.586,58.483,61.931
3348,2015,0.567,57.933,59.3
3349,2015,0.3,61.933,65.233
3350,2015,0.581,63.452,61.645
3351,2015,0.355,54.774,61.677
3352,2015,0.531,66.594,64.031
3353,2015,0.71,68.774,60.032
3354,2015,0.538,58.231,60.231
3355,2015,0.75,72.5,61.844
3356,2015,0.567,66.167,67.0
3357,2015,0.536,68.714,68.929
3358,2015,0.222,60.444,68.852
3359,2015,0.483,59.31,58.138
3360,2015,0.793,66.69,59.138
3361,2015,0.379,56.931,61.414
3362,2015,0.567,68.9,65.6
3363,2015,0.452,77.452,77.871
3364,2015,0.069,47.897,65.862
3365,2015,0.357,64.929,69.25
3366,2015,0.655,61.552,60.414
3367,2015,0.429,63.25,68.821
3368,2015,0.185,63.407,76.519
3369,2015,0.296,59.444,66.889
3370,2015,0.323,60.613,66.516
3371,2015,0.848,75.848,64.545
3372,2015,0.741,69.074,63.519
3373,2015,0.613,62.065,60.516
3374,2015,0.233,55.5,66.067
3375,2015,0.111,55.185,66.0
3376,2015,0.938,75.531,52.562
3377,2015,0.774,76.935,69.419
3378,2015,0.788,71.848,59.515
3379,2015,0.7,67.367,62.3
3380,2015,0.643,65.0,60.964
3381,2015,0.423,64.115,71.808
3382,2015,0.5,59.567,59.8
3383,2015,0.455,60.303,60.121
3384,2015,0.207,69.172,81.759
3385,2015,0.677,62.871,58.258
3386,2015,0.448,62.103,62.483
3387,2015,0.467,65.633,65.733
3388,2015,0.667,65.233,64.133
3389,2015,0.161,50.581,63.935
3390,2015,0.727,68.939,59.455
3391,2015,0.75,70.25,60.393
3392,2015,0.567,60.733,57.433
3393,2015,0.7,69.467,60.4
3394,2015,0.517,59.448,57.897
3395,2015,0.567,68.967,68.933
3396,2015,0.5,66.25,65.625
3397,2015,0.844,71.781,55.375
3398,2015,0.6,67.367,67.233
3399,2015,0.207,64.345,72.31
3400,2015,0.688,68.062,58.375
3401,2015,0.719,66.875,57.281
3402,2015,0.517,61.379,64.724
3403,2015,0.484,58.323,59.29
3404,2015,0.688,72.656,64.5
3405,2015,0.567,65.6,63.967
3406,2015,0.344,58.594,64.062
3407,2015,0.667,76.433,73.3
3408,2015,0.688,64.5,58.312
3409,2015,0.567,66.1,66.733
3410,2015,0.533,63.2,66.233
3411,2015,0.679,66.214,57.607
3412,2015,0.567,61.3,58.5
3413,2015,0.467,64.433,66.1
3414,2015,0.226,57.71,71.226
3415,2015,0.548,70.194,66.419
3416,2015,0.3,62.867,68.9
3417,2015,0.419,65.355,67.645
3418,2015,0.586,62.0,59.586
3419,2015,0.346,58.769,67.154
3420,2015,0.367,59.9,66.167
3421,2015,0.267,59.5,63.733
3422,2015,0.172,62.897,74.034
3423,2015,0.448,65.172,68.897
3424,2015,0.433,70.333,71.7
3425,2015,0.5,67.967,65.033
3426,2015,0.536,57.071,54.893
3427,2015,0.516,59.903,58.71
3428,2015,0.3,54.867,59.667
3429,2015,0.233,64.167,71.533
3430,2015,0.333,59.407,61.296
3431,2015,0.407,65.0,67.667
3432,2015,,,
3433,2015,0.533,62.233,61.667
3434,2015,0.172,62.414,76.31
3435,2015,0.467,61.233,64.767
3436,2015,0.172,59.0,70.483
3437,2015,0.594,61.344,55.344
3438,2015,0.567,67.5,63.667
3439,2015,0.375,56.938,61.188
3440,2015,,,
3441,2015,0.296,59.407,66.074
3442,2015,0.536,71.179,67.536
3443,2015,0.882,75.971,61.735
3444,2015,0.6,61.0,58.067
3445,2015,,,
3446,2015,,,
3447,2015,0.241,62.414,75.586
3448,2015,0.394,67.0,71.333
3449,2015,0.719,74.875,65.625
3450,2015,0.567,68.267,66.0
3451,2015,0.333,57.333,61.963
3452,2015,0.562,65.375,60.469
3453,2015,0.871,69.71,55.806
3454,2015,0.333,66.033,71.833
3455,2015,0.879,64.394,50.97
3456,2015,0.5,63.1,62.4
3457,2015,0.552,62.345,63.379
3458,2015,0.31,64.414,68.483
3459,2015,0.214,54.964,66.714
3460,2015,0.742,77.194,64.516
3461,2015,0.5,66.5,61.679
3462,2015,0.548,63.774,65.129
3463,2015,0.481,58.407,60.259
3464,2015,0.655,68.138,64.379
3465,2015,,,
3466,2015,,,
3101,2016,0.88,73.2,63.2
3102,2016,0.033,47.4,68.367
3103,2016,0.581,70.323,70.097
3104,2016,0.5,64.1,58.367
3105,2016,0.138,57.552,76.793
3106,2016,0.621,63.276,59.276
3107,2016,0.871,71.032,52.355
3108,2016,0.321,60.929,67.786
3109,2016,,,
3110,2016,0.258,53.935,59.871
3111,2016,0.333,66.267,71.767
3112,2016,0.406,56.875,62.375
3113,2016,0.806,63.613,54.355
3114,2016,0.625,59.281,55.0
3115,2016,0.231,56.962,71.615
3116,2016,0.4,60.133,63.033
3117,2016,0.839,75.452,60.806
3118,2016,,,
3119,2016,0.933,70.233,50.167
3120,2016,0.6,62.433,59.367
3121,2016,,,
3122,2016,0.286,67.893,73.821
3123,2016,0.69,68.138,61.828
3124,2016,0.971,77.735,53.118
3125,2016,0.733,74.667,64.4
3126,2016,0.571,59.5,57.0
3127,2016,0.393,54.5,61.036
3128,2016,,,
3129,2016,0.63,69.074,64.444
3130,2016,0.484,59.484,58.677
3131,2016,0.1,51.6,68.6
3132,2016,0.357,58.75,62.679
3133,2016,0.267,54.233,62.033
3134,2016,,,
3135,2016,0.5,65.692,66.038
3136,2016,0.581,67.516,63.903
3137,2016,0.774,65.613,58.484
3138,2016,0.606,60.97,59.909
3139,2016,0.323,58.323,65.548
3140,2016,0.806,69.194,62.29
3141,2016,0.688,74.625,67.188
3142,2016,0.484,63.065,64.194
3143,2016,0.469,67.562,66.469
3144,2016,0.433,56.667,61.667
3145,2016,0.433,61.133,62.533
3146,2016,0.889,63.37,54.259
3147,2016,,,
3148,2016,0.4,58.867,63.767
3149,2016,0.393,57.321,61.393
3150,2016,0.633,74.867,71.133
3151,2016,0.774,57.968,52.645
3152,2016,0.143,54.679,66.893
3153,2016,0.267,57.067,71.7
3154,2016,,,
3155,2016,0.107,52.143,68.143
3156,2016,0.321,61.893,67.571
3157,2016,0.346,60.115,63.538
3158,2016,0.355,55.548,61.645
3159,2016,0.233,58.933,69.467
3160,2016,0.233,61.933,69.6
3161,2016,0.967,67.467,51.8
3162,2016,0.393,64.75,70.179
3163,2016,1.0,87.562,47.875
3164,2016,0.516,62.774,64.387
3165,2016,0.5,61.607,64.393
3166,2016,0.515,64.879,61.182
3167,2016,0.387,63.161,66.806
3168,2016,0.1,55.8,69.667
3169,2016,0.226,62.355,74.129
3170,2016,0.452,87.516,85.839
3171,2016,0.4,54.633,60.4
3172,2016,0.367,59.6,67.433
3173,2016,0.5,67.679,63.821
3174,2016,0.516,58.29,58.355
3175,2016,0.3,60.3,69.567
3176,2016,0.167,53.5,65.6
3177,2016,0.733,80.467,66.3
3178,2016,0.483,69.793,75.69
3179,2016,0.7,79.133,67.9
3180,2016,0.594,59.906,55.188
3181,2016,0.625,68.406,59.0
3182,2016,0.839,71.419,60.871
3183,2016,0.107,60.143,74.5
3184,2016,0.571,70.679,70.179
3185,2016,0.633,69.733,65.2
3186,2016,0.613,72.065,70.032
3187,2016,0.406,67.562,70.344
3188,2016,0.581,72.419,73.0
3189,2016,0.586,63.724,61.828
3190,2016,0.481,59.407,63.63
3191,2016,0.097,54.71,68.806
3192,2016,0.344,64.844,71.312
3193,2016,0.533,58.8,58.633
3194,2016,0.448,67.069,71.172
3195,2016,0.871,63.355,48.806
3196,2016,0.733,78.0,69.3
3197,2016,0.5,62.321,65.607
3198,2016,0.161,59.387,72.742
3199,2016,0.767,74.0,56.933
3200,2016,0.452,55.516,57.323
3201,2016,0.633,62.233,60.033
3202,2016,0.448,62.414,65.241
3203,2016,0.812,71.812,62.156
3204,2016,0.241,53.069,61.897
3205,2016,0.586,61.655,60.069
3206,2016,0.379,62.483,68.552
3207,2016,0.536,65.179,62.036
3208,2016,0.7,64.1,53.833
3209,2016,0.321,64.0,71.607
3210,2016,0.613,69.065,60.968
3211,2016,0.581,64.839,57.677
3212,2016,0.517,63.345,67.379
3213,2016,0.481,60.148,62.037
3214,2016,0.452,61.0,63.871
3215,2016,,,
3216,2016,0.367,48.867,59.033
3217,2016,0.519,66.37,66.889
3218,2016,0.677,65.065,59.129
3219,2016,0.367,64.433,70.4
3220,2016,0.724,63.345,56.759
3221,2016,0.433,60.467,61.867
3222,2016,0.2,55.667,64.9
3223,2016,0.423,62.923,66.308
3224,2016,0.226,63.387,74.548
3225,2016,0.71,75.29,64.677
3226,2016,0.516,62.226,62.645
3227,2016,0.379,61.172,63.586
3228,2016,0.3,68.533,71.9
3229,2016,0.276,56.069,65.517
3230,2016,0.12,55.44,66.6
3231,2016,0.645,71.903,67.677
3232,2016,0.433,58.267,59.567
3233,2016,0.676,62.618,56.647
3234,2016,0.594,73.25,71.125
3235,2016,0.433,67.4,67.733
3236,2016,0.179,64.0,72.071
3237,2016,0.643,65.5,61.464
3238,2016,0.407,60.111,67.852
3239,2016,0.667,64.167,54.167
3240,2016,0.346,54.385,57.692
3241,2016,0.844,69.469,54.062
3242,2016,0.194,54.419,66.258
3243,2016,0.6,65.3,61.367
3244,2016,0.292,59.333,67.75
3245,2016,0.179,61.036,71.429
3246,2016,0.767,74.3,60.867
3247,2016,0.167,58.3,69.467
3248,2016,0.207,57.759,65.897
3249,2016,0.296,67.556,74.222
3250,2016,0.567,66.3,62.8
3251,2016,0.613,60.903,58.839
3252,2016,0.138,61.862,74.241
3253,2016,0.75,62.562,59.375
3254,2016,0.3,58.0,65.2
3255,2016,0.214,56.071,72.464
3256,2016,0.448,67.138,66.655
3257,2016,0.781,71.719,59.0
3258,2016,0.355,69.419,72.516
3259,2016,0.5,54.562,58.156
3260,2016,0.467,65.067,67.567
3261,2016,0.323,54.452,59.452
3262,2016,0.143,58.143,71.214
3263,2016,0.758,60.333,50.242
3264,2016,0.484,61.129,59.774
3265,2016,0.5,62.281,62.219
3266,2016,0.467,77.367,78.333
3267,2016,0.633,69.4,65.767
3268,2016,0.909,84.03,60.0
3269,2016,0.4,64.4,66.767
3270,2016,0.586,70.69,72.69
3271,2016,0.393,56.714,63.536
3272,2016,0.586,67.621,67.966
3273,2016,0.724,63.034,56.621
3274,2016,0.75,70.719,60.281
3275,2016,0.3,59.867,68.667
3276,2016,0.567,78.6,71.5
3277,2016,0.75,76.094,64.281
3278,2016,0.633,83.333,79.1
3279,2016,0.333,64.7,64.6
3280,2016,0.767,69.7,53.133
3281,2016,0.7,68.067,57.567
3282,2016,0.308,57.769,63.615
3283,2016,0.719,69.906,62.531
3284,2016,0.452,66.226,67.71
3285,2016,0.633,68.7,63.867
3286,2016,0.679,75.464,66.643
3287,2016,0.286,76.607,84.214
3288,2016,0.414,53.586,62.69
3289,2016,,,
3290,2016,0.037,48.111,80.704
3291,2016,0.3,56.533,61.867
3292,2016,0.75,70.031,61.219
3293,2016,0.37,65.444,72.481
3294,2016,0.429,61.75,62.536
3295,2016,0.185,63.259,72.926
3296,2016,0.345,67.379,73.828
3297,2016,0.567,70.867,66.6
3298,2016,0.483,54.31,55.241
3299,2016,0.607,62.571,58.464
3300,2016,0.148,50.222,64.667
3301,2016,0.645,67.484,62.645
3302,2016,,,
3303,2016,0.464,62.714,64.893
3304,2016,0.6,73.033,68.233
3305,2016,0.138,56.414,68.207
3306,2016,0.379,57.0,60.552
3307,2016,0.548,61.161,57.065
3308,2016,0.857,68.964,60.0
3309,2016,0.25,58.0,69.875
3310,2016,0.258,56.065,65.548
3311,2016,0.321,62.536,68.857
3312,2016,0.071,48.0,65.429
3313,2016,0.111,59.37,70.778
3314,2016,0.452,67.226,70.097
3315,2016,0.581,63.935,65.677
3316,2016,0.185,54.741,68.741
3317,2016,0.367,61.267,65.067
3318,2016,0.484,61.194,62.581
3319,2016,0.143,64.179,75.964
3320,2016,0.677,64.258,57.903
3321,2016,0.529,74.882,70.059
3322,2016,0.577,60.962,61.885
3323,2016,0.969,79.219,60.094
3324,2016,0.464,73.429,75.286
3325,2016,0.8,72.467,59.5
3326,2016,0.774,86.677,74.419
3327,2016,,,
3328,2016,0.677,70.258,61.935
3329,2016,0.69,65.069,57.552
3330,2016,0.5,62.265,62.559
3331,2016,0.464,58.036,61.536
3332,2016,0.667,72.633,63.0
3333,2016,0.875,66.844,51.344
3334,2016,0.414,69.103,69.138
3335,2016,0.852,62.481,51.963
3336,2016,0.387,70.065,72.516
3337,2016,0.241,63.759,72.621
3338,2016,0.419,59.903,63.0
3339,2016,0.069,57.966,78.138
3340,2016,0.107,66.143,86.036
3341,2016,0.444,62.0,65.741
3342,2016,0.556,57.926,54.593
3343,2016,0.821,76.0,57.75
3344,2016,0.172,56.759,70.31
3345,2016,0.645,68.065,61.548
3346,2016,0.75,66.938,58.969
3347,2016,0.552,58.138,54.379
3348,2016,0.4,60.633,62.433
3349,2016,0.29,59.194,65.032
3350,2016,0.419,55.774,59.613
3351,2016,0.267,58.167,66.367
3352,2016,0.613,62.387,58.581
3353,2016,0.562,62.656,59.688
3354,2016,0.407,54.37,60.037
3355,2016,0.812,70.125,59.312
3356,2016,0.625,68.344,65.406
3357,2016,0.625,65.469,63.281
3358,2016,0.4,63.567,69.733
3359,2016,0.621,54.621,51.379
3360,2016,0.759,68.69,60.103
3361,2016,0.367,58.067,63.6
3362,2016,0.633,71.833,68.833
3363,2016,0.414,71.552,73.103
3364,2016,0.355,60.774,63.452
3365,2016,0.724,63.862,59.379
3366,2016,0.308,50.269,60.692
3367,2016,0.607,65.536,63.964
3368,2016,0.138,62.793,78.276
3369,2016,0.464,69.679,70.821
3370,2016,0.276,59.517,69.0
3371,2016,0.742,73.194,65.839
3372,2016,0.556,65.63,64.333
3373,2016,0.438,57.031,61.156
3374,2016,0.433,59.8,63.533
3375,2016,0.464,55.857,59.286
3376,2016,0.968,73.742,56.097
3377,2016,0.806,78.194,64.677
3378,2016,0.719,73.656,62.25
3379,2016,0.448,58.448,59.724
3380,2016,0.607,62.893,61.25
3381,2016,0.143,58.964,72.893
3382,2016,0.767,63.5,55.533
3383,2016,0.241,58.31,66.759
3384,2016,0.433,74.267,76.5
3385,2016,0.719,67.0,60.188
3386,2016,0.483,62.828,63.655
3387,2016,0.767,70.6,61.7
3388,2016,0.774,74.677,67.484
3389,2016,0.138,51.931,63.0
3390,2016,0.774,67.452,53.774
3391,2016,0.593,64.852,63.296
3392,2016,0.533,58.1,56.633
3393,2016,0.781,72.062,59.062
3394,2016,0.296,58.556,65.074
3395,2016,0.533,71.033,66.833
3396,2016,0.645,69.871,63.323
3397,2016,0.594,65.094,58.031
3398,2016,0.357,61.214,69.357
3399,2016,0.345,61.759,68.724
3400,2016,0.875,70.75,55.75
3401,2016,0.7,70.8,61.0
3402,2016,0.345,61.103,72.586
3403,2016,0.419,63.323,66.806
3404,2016,0.7,73.367,62.8
3405,2016,0.567,66.833,66.867
3406,2016,0.226,61.387,70.742
3407,2016,0.6,79.833,76.8
3408,2016,0.656,64.875,62.812
3409,2016,0.387,62.0,66.935
3410,2016,0.552,60.31,61.828
3411,2016,0.633,59.5,52.833
3412,2016,0.484,61.645,57.226
3413,2016,0.581,67.742,66.29
3414,2016,0.1,55.733,74.0
3415,2016,0.742,78.613,69.581
3416,2016,0.233,63.0,73.333
3417,2016,0.75,74.406,64.062
3418,2016,0.655,61.552,58.276
3419,2016,0.32,56.44,62.72
3420,2016,0.567,58.1,59.4
3421,2016,0.828,68.103,58.345
3422,2016,0.222,64.778,75.185
3423,2016,0.207,52.483,63.655
3424,2016,0.548,61.194,59.71
3425,2016,0.6,65.9,58.833
3426,2016,0.467,58.067,57.333
3427,2016,0.296,59.111,64.333
3428,2016,0.533,67.233,67.667
3429,2016,0.414,66.103,66.448
3430,2016,0.483,64.655,62.069
3431,2016,0.862,70.483,62.552
3432,2016,,,
3433,2016,0.719,64.344,55.219
3434,2016,0.25,62.143,74.5
3435,2016,0.562,62.5,56.375
3436,2016,0.3,55.9,64.4
3437,2016,0.633,62.833,57.367
3438,2016,0.516,63.806,61.452
3439,2016,0.567,58.1,52.933
3440,2016,,,
3441,2016,0.125,60.125,72.292
3442,2016,0.464,73.679,76.071
3443,2016,0.793,71.0,62.621
3444,2016,0.517,65.828,63.345
3445,2016,,,
3446,2016,,,
3447,2016,0.172,60.241,72.862
3448,2016,0.516,60.774,63.613
3449,2016,0.688,71.062,62.281
3450,2016,0.448,64.31,65.034
3451,2016,0.607,68.786,65.179
3452,2016,0.727,70.152,57.606
3453,2016,0.875,66.594,51.969
3454,2016,0.613,66.161,65.032
3455,2016,0.267,52.767,61.067
3456,2016,0.5,62.067,62.433
3457,2016,0.133,53.4,67.633
3458,2016,0.241,64.276,72.379
3459,2016,0.259,59.074,66.704
3460,2016,0.688,74.312,67.062
3461,2016,0.429,62.643,62.107
3462,2016,0.567,60.5,60.533
3463,2016,0.433,64.133,63.033
3464,2016,0.586,64.379,64.448
3465,2016,,,
3466,2016,,,
3101,2017,0.704,70.889,64.074
3102,2017,0.138,53.483,67.31
3103,2017,0.25,62.357,70.25
3104,2017,0.594,68.094,61.0
3105,2017,0.0,47.48,68.56
3106,2017,0.448,58.966,65.621
3107,2017,0.645,66.0,62.355
3108,2017,0.3,58.067,67.167
3109,2017,,,
3110,2017,0.484,60.806,59.323
3111,2017,0.387,62.839,65.0
3112,2017,0.467,64.0,67.0
3113,2017,0.613,63.419,57.258
3114,2017,0.75,61.75,55.0
3115,2017,0.357,54.893,63.857
3116,2017,0.433,64.133,60.433
3117,2017,0.219,60.562,72.188
3118,2017,,,
3119,2017,0.7,65.867,57.833
3120,2017,0.548,62.903,60.677
3121,2017,,,
3122,2017,0.429,66.607,68.714
3123,2017,0.667,74.533,65.267
3124,2017,0.909,88.636,56.061
3125,2017,0.839,77.516,65.419
3126,2017,0.655,60.448,54.69
3127,2017,0.393,60.964,62.643
3128,2017,,,
3129,2017,0.767,68.333,63.067
3130,2017,0.3,59.4,65.367
3131,2017,0.433,59.633,62.8
3132,2017,0.214,61.464,70.0
3133,2017,0.367,59.5,66.633
3134,2017,,,
3135,2017,0.556,70.889,69.148
3136,2017,0.562,60.781,61.469
3137,2017,0.844,67.594,57.656
3138,2017,0.688,67.875,61.594
3139,2017,0.194,57.774,67.581
3140,2017,0.645,67.516,61.387
3141,2017,0.742,78.258,69.581
3142,2017,0.379,67.414,68.586
3143,2017,0.594,69.875,64.844
3144,2017,0.667,57.333,50.185
3145,2017,0.323,59.226,64.387
3146,2017,0.846,66.269,54.538
3147,2017,,,
3148,2017,0.355,61.806,67.194
3149,2017,0.536,59.5,59.571
3150,2017,0.677,73.581,67.129
3151,2017,0.677,63.387,57.742
3152,2017,0.0,53.448,71.103
3153,2017,0.517,62.724,64.655
3154,2017,,,
3155,2017,0.484,59.065,64.645
3156,2017,0.464,66.143,70.036
3157,2017,0.444,61.889,64.889
3158,2017,0.3,64.4,70.0
3159,2017,0.333,67.067,72.4
3160,2017,0.5,68.867,66.0
3161,2017,0.733,63.333,54.6
3162,2017,0.481,64.148,64.444
3163,2017,1.0,86.625,53.812
3164,2017,0.276,54.345,66.828
3165,2017,0.593,62.185,59.407
3166,2017,0.767,65.967,57.9
3167,2017,0.481,62.667,62.667
3168,2017,0.074,54.222,69.259
3169,2017,0.562,66.281,67.031
3170,2017,0.31,81.69,87.69
3171,2017,0.296,58.926,65.63
3172,2017,0.207,57.379,67.793
3173,2017,0.71,66.097,59.516
3174,2017,0.533,57.1,58.0
3175,2017,0.1,57.267,74.367
3176,2017,0.2,62.267,71.0
3177,2017,0.788,80.758,67.03
3178,2017,0.562,70.5,67.094
3179,2017,0.871,81.935,65.0
3180,2017,0.677,65.871,56.355
3181,2017,0.844,73.344,55.625
3182,2017,0.545,65.424,64.455
3183,2017,0.269,64.231,72.038
3184,2017,0.355,63.903,70.129
3185,2017,0.167,61.333,71.433
3186,2017,0.567,66.667,65.467
3187,2017,0.345,60.483,71.483
3188,2017,0.433,69.067,72.733
3189,2017,0.812,70.125,58.906
3190,2017,0.533,65.0,64.167
3191,2017,0.433,60.4,65.733
3192,2017,0.276,59.517,65.31
3193,2017,0.548,58.194,57.484
3194,2017,0.107,62.357,74.929
3195,2017,0.75,71.344,56.906
3196,2017,0.484,70.677,68.0
3197,2017,0.367,57.4,61.8
3198,2017,0.172,55.241,75.034
3199,2017,0.806,79.677,57.871
3200,2017,0.656,59.812,55.969
3201,2017,0.516,59.323,60.194
3202,2017,0.393,59.893,60.786
3203,2017,0.69,66.034,57.0
3204,2017,0.414,59.931,63.966
3205,2017,0.321,61.5,62.857
3206,2017,0.433,60.567,62.433
3207,2017,0.586,66.862,63.966
3208,2017,0.516,62.097,62.387
3209,2017,0.379,60.207,63.966
3210,2017,0.548,68.194,66.129
3211,2017,0.812,72.281,57.781
3212,2017,0.562,65.188,64.469
3213,2017,0.538,64.462,66.154
3214,2017,0.625,61.406,59.25
3215,2017,,,
3216,2017,0.548,66.839,64.258
3217,2017,0.714,63.857,60.714
3218,2017,0.379,58.207,64.379
3219,2017,0.464,67.25,66.5
3220,2017,0.419,61.548,65.29
3221,2017,0.267,56.4,63.733
3222,2017,0.387,61.161,67.935
3223,2017,0.154,53.308,76.192
3224,2017,0.552,64.828,65.276
3225,2017,0.517,71.345,69.931
3226,2017,0.562,60.188,61.031
3227,2017,0.138,56.034,71.517
3228,2017,0.29,62.419,70.065
3229,2017,0.258,54.194,67.903
3230,2017,0.259,62.296,70.0
3231,2017,0.667,76.133,66.033
3232,2017,0.4,55.133,57.733
3233,2017,0.581,59.226,57.581
3234,2017,0.567,75.633,68.5
3235,2017,0.6,74.133,68.3
3236,2017,0.148,55.593,70.704
3237,2017,0.733,65.467,57.6
3238,2017,0.333,64.625,70.25
3239,2017,0.714,65.321,60.857
3240,2017,0.444,63.963,63.333
3241,2017,0.75,70.312,61.25
3242,2017,0.267,61.967,72.3
3243,2017,0.688,68.094,62.5
3244,2017,0.333,57.8,68.6
3245,2017,0.613,71.387,70.871
3246,2017,0.677,70.903,62.71
3247,2017,0.567,62.533,61.633
3248,2017,0.125,54.5,69.188
3249,2017,0.72,70.56,60.4
3250,2017,0.31,62.69,69.276
3251,2017,0.414,62.724,63.759
3252,2017,0.172,58.586,78.897
3253,2017,0.688,66.156,63.688
3254,2017,0.207,53.0,66.414
3255,2017,0.107,54.393,76.929
3256,2017,0.567,67.1,63.5
3257,2017,0.794,74.676,59.794
3258,2017,0.467,66.033,68.3
3259,2017,0.355,59.935,62.161
3260,2017,0.067,47.733,71.967
3261,2017,0.645,63.806,59.097
3262,2017,0.071,54.643,73.714
3263,2017,0.529,59.853,58.029
3264,2017,0.267,54.933,63.867
3265,2017,0.469,61.625,64.5
3266,2017,0.781,79.281,70.281
3267,2017,0.393,69.179,71.25
3268,2017,0.938,89.875,64.438
3269,2017,0.276,56.414,64.724
3270,2017,0.37,67.0,70.556
3271,2017,0.429,60.286,64.857
3272,2017,0.467,58.4,62.3
3273,2017,0.786,64.464,56.321
3274,2017,0.742,72.226,62.581
3275,2017,0.3,60.767,67.8
3276,2017,0.71,77.871,61.871
3277,2017,0.656,73.75,66.719
3278,2017,0.484,73.742,74.452
3279,2017,0.567,67.333,61.767
3280,2017,0.879,74.818,55.364
3281,2017,0.677,66.71,62.065
3282,2017,0.296,60.481,67.259
3283,2017,0.517,64.724,63.138
3284,2017,0.484,64.935,65.452
3285,2017,0.179,54.464,66.571
3286,2017,0.793,72.379,65.31
3287,2017,0.679,71.143,67.107
3288,2017,0.276,52.759,58.517
3289,2017,,,
3290,2017,0.286,57.393,72.143
3291,2017,0.4,58.767,65.1
3292,2017,0.677,70.452,63.516
3293,2017,0.481,71.556,72.667
3294,2017,0.724,70.034,62.931
3295,2017,0.143,62.179,76.036
3296,2017,0.656,85.125,80.906
3297,2017,0.267,55.467,64.367
3298,2017,0.71,65.903,59.871
3299,2017,0.4,60.0,62.467
3300,2017,0.259,49.556,62.148
3301,2017,0.733,71.2,58.733
3302,2017,,,
3303,2017,0.483,67.586,67.276
3304,2017,0.241,62.759,76.345
3305,2017,0.345,66.966,70.897
3306,2017,0.833,61.6,55.1
3307,2017,0.483,66.414,62.621
3308,2017,0.786,68.143,60.214
3309,2017,0.423,69.0,73.231
3310,2017,0.267,60.267,68.067
3311,2017,0.333,67.367,70.933
3312,2017,0.321,54.679,64.5
3313,2017,0.464,61.393,58.857
3314,2017,0.484,72.161,72.097
3315,2017,0.643,72.25,70.179
3316,2017,0.259,57.889,68.296
3317,2017,0.387,60.484,64.677
3318,2017,0.387,58.516,64.968
3319,2017,0.276,68.241,71.448
3320,2017,0.742,66.742,57.355
3321,2017,0.645,68.387,64.548
3322,2017,0.346,62.154,70.808
3323,2017,0.909,79.455,61.242
3324,2017,0.571,74.036,69.25
3325,2017,0.71,69.387,61.613
3326,2017,0.812,86.594,71.031
3327,2017,,,
3328,2017,0.71,73.677,68.581
3329,2017,0.548,66.516,65.097
3330,2017,0.548,71.032,69.419
3331,2017,0.464,62.179,64.75
3332,2017,0.606,71.152,65.0
3333,2017,0.879,66.364,54.091
3334,2017,0.276,66.724,71.793
3335,2017,0.75,60.286,52.0
3336,2017,0.655,73.31,66.414
3337,2017,0.233,60.8,69.8
3338,2017,0.414,59.724,62.69
3339,2017,0.172,57.966,71.345
3340,2017,0.469,68.0,71.156
3341,2017,0.419,62.806,68.161
3342,2017,0.419,54.742,59.871
3343,2017,0.552,64.759,57.138
3344,2017,0.4,62.033,63.867
3345,2017,0.647,66.735,58.912
3346,2017,0.818,68.182,56.606
3347,2017,0.733,60.2,54.2
3348,2017,0.207,56.724,69.138
3349,2017,0.567,66.2,61.467
3350,2017,0.433,57.0,58.7
3351,2017,0.75,65.562,59.844
3352,2017,0.677,63.097,56.452
3353,2017,0.2,50.533,61.633
3354,2017,0.115,54.923,65.846
3355,2017,0.733,70.133,59.467
3356,2017,0.517,63.103,65.172
3357,2017,0.548,63.419,63.355
3358,2017,0.111,52.963,73.074
3359,2017,0.367,54.6,58.433
3360,2017,0.467,64.933,63.433
3361,2017,0.321,62.929,71.179
3362,2017,0.581,68.677,69.323
3363,2017,0.323,70.774,77.613
3364,2017,0.5,62.625,62.125
3365,2017,0.448,61.241,61.379
3366,2017,0.345,50.655,60.862
3367,2017,0.222,58.63,69.741
3368,2017,0.143,63.786,83.464
3369,2017,0.393,71.821,72.786
3370,2017,0.469,64.094,63.406
3371,2017,0.387,64.226,73.387
3372,2017,0.759,72.483,63.552
3373,2017,0.467,65.833,66.7
3374,2017,0.548,58.677,58.161
3375,2017,0.31,51.931,58.931
3376,2017,0.871,76.226,56.968
3377,2017,0.714,71.857,63.821
3378,2017,0.75,70.938,61.625
3379,2017,0.688,69.875,63.188
3380,2017,0.481,63.037,64.556
3381,2017,0.207,65.655,73.172
3382,2017,0.31,55.552,61.379
3383,2017,0.267,58.267,65.8
3384,2017,0.533,75.767,73.867
3385,2017,0.645,61.419,55.613
3386,2017,0.548,63.742,60.097
3387,2017,0.75,74.062,61.375
3388,2017,0.625,70.625,65.969
3389,2017,0.1,53.9,68.5
3390,2017,0.848,72.061,55.485
3391,2017,0.793,68.414,58.172
3392,2017,0.379,56.621,58.0
3393,2017,0.677,78.968,66.613
3394,2017,0.379,59.276,63.103
3395,2017,0.4,70.967,69.633
3396,2017,0.774,69.935,60.355
3397,2017,0.633,73.867,65.867
3398,2017,0.36,63.76,70.88
3399,2017,0.31,62.207,68.483
3400,2017,0.742,73.839,61.484
3401,2017,0.656,69.719,62.812
3402,2017,0.552,58.759,58.138
3403,2017,0.452,67.935,67.806
3404,2017,0.387,70.452,76.71
3405,2017,0.75,70.312,62.031
3406,2017,0.4,62.3,65.5
3407,2017,0.667,80.8,72.533
3408,2017,0.533,63.633,62.667
3409,2017,0.323,63.645,71.871
3410,2017,0.536,62.286,63.214
3411,2017,0.71,61.613,56.968
3412,2017,0.483,65.034,64.966
3413,2017,0.759,68.655,61.103
3414,2017,0.133,59.167,74.1
3415,2017,0.516,66.065,63.548
3416,2017,0.645,63.774,56.323
3417,2017,0.742,73.903,63.968
3418,2017,0.621,68.552,67.345
3419,2017,0.143,54.571,75.393
3420,2017,0.483,58.724,62.897
3421,2017,0.562,63.156,60.844
3422,2017,0.481,61.852,62.333
3423,2017,0.333,53.267,64.167
3424,2017,0.677,59.161,55.645
3425,2017,0.467,67.533,65.133
3426,2017,0.714,68.643,61.821
3427,2017,0.464,69.929,69.536
3428,2017,0.533,64.533,64.467
3429,2017,0.533,58.433,59.9
3430,2017,0.241,56.483,64.31
3431,2017,0.233,64.867,72.467
3432,2017,,,
3433,2017,0.516,63.226,63.903
3434,2017,0.276,60.172,73.034
3435,2017,0.467,68.7,71.133
3436,2017,0.31,55.448,61.345
3437,2017,0.533,60.9,61.467
3438,2017,0.613,63.452,55.71
3439,2017,0.567,70.933,68.067
3440,2017,,,
3441,2017,0.241,55.31,67.966
3442,2017,0.8,78.1,68.3
3443,2017,0.818,75.455,61.697
3444,2017,0.594,68.969,65.75
3445,2017,,,
3446,2017,,,
3447,2017,0.107,52.893,69.036
3448,2017,0.5,63.667,66.6
3449,2017,0.844,84.75,63.125
3450,2017,0.387,66.194,69.323
3451,2017,0.379,67.103,71.345
3452,2017,0.697,74.485,61.939
3453,2017,0.844,69.625,50.969
3454,2017,0.645,73.097,67.806
3455,2017,0.484,64.871,65.548
3456,2017,0.645,62.935,58.548
3457,2017,0.033,50.433,76.967
3458,2017,0.29,60.871,69.742
3459,2017,0.393,59.5,64.571
3460,2017,0.733,67.567,61.5
3461,2017,0.679,63.607,54.75
3462,2017,0.4,62.2,64.233
3463,2017,0.556,61.148,60.481
3464,2017,0.25,66.286,74.893
3465,2017,,,
3466,2017,,,
3101,2018,0.462,65.923,68.885
3102,2018,0.2,55.4,62.067
3103,2018,0.276,63.828,70.345
3104,2018,0.567,67.6,62.633
3105,2018,0.379,56.414,62.621
3106,2018,0.241,54.069,69.517
3107,2018,0.774,68.581,59.677
3108,2018,0.333,63.296,72.444
3109,2018,,,
3110,2018,0.812,64.344,57.406
3111,2018,0.258,56.774,66.71
3112,2018,0.2,57.933,70.7
3113,2018,0.636,67.758,56.848
3114,2018,0.719,60.0,52.625
3115,2018,0.222,55.333,68.889
3116,2018,0.419,67.226,73.71
3117,2018,0.5,66.4,69.767
3118,2018,,,
3119,2018,0.533,59.4,59.333
3120,2018,0.464,62.143,60.357
3121,2018,,,
3122,2018,0.5,62.25,66.071
3123,2018,0.793,79.517,66.552
3124,2018,0.969,86.594,55.906
3125,2018,0.909,77.606,59.939
3126,2018,0.786,62.964,56.179
3127,2018,0.621,62.724,57.69
3128,2018,,,
3129,2018,0.7,67.967,62.167
3130,2018,0.233,58.167,68.667
3131,2018,0.345,58.759,62.655
3132,2018,0.345,62.931,71.379
3133,2018,0.4,65.067,63.733
3134,2018,,,
3135,2018,0.538,74.346,73.5
3136,2018,0.3,61.933,67.567
3137,2018,0.71,63.613,57.387
3138,2018,0.844,77.531,64.219
3139,2018,0.469,64.531,65.281
3140,2018,0.533,66.567,62.9
3141,2018,0.871,82.065,71.0
3142,2018,0.571,71.25,74.679
3143,2018,0.677,69.258,65.871
3144,2018,0.464,53.464,52.679
3145,2018,0.333,55.533,63.667
3146,2018,0.667,58.852,53.889
3147,2018,,,
3148,2018,0.233,59.267,71.467
3149,2018,0.286,60.0,65.786
3150,2018,0.467,66.0,65.5
3151,2018,0.586,59.103,56.552
3152,2018,0.033,50.633,73.367
3153,2018,0.6,65.567,62.7
3154,2018,,,
3155,2018,0.367,50.5,60.3
3156,2018,0.633,67.667,66.533
3157,2018,0.517,64.172,62.172
3158,2018,0.226,58.452,72.677
3159,2018,0.233,56.4,67.233
3160,2018,0.467,68.333,69.6
3161,2018,0.633,61.0,57.6
3162,2018,0.276,62.207,70.931
3163,2018,1.0,88.812,51.906
3164,2018,0.207,55.621,70.69
3165,2018,0.259,55.222,63.889
3166,2018,0.6,69.633,66.7
3167,2018,0.552,59.345,56.345
3168,2018,0.25,59.357,66.214
3169,2018,0.545,64.636,63.818
3170,2018,0.207,71.241,83.172
3171,2018,0.556,64.963,66.0
3172,2018,0.4,63.1,67.167
3173,2018,0.793,73.621,61.379
3174,2018,0.613,66.065,60.194
3175,2018,0.2,58.267,74.767
3176,2018,0.517,69.621,70.207
3177,2018,0.788,82.818,70.273
3178,2018,0.067,59.8,79.533
3179,2018,0.781,82.0,68.062
3180,2018,0.788,63.667,55.303
3181,2018,0.733,69.133,56.3
3182,2018,0.767,70.4,63.367
3183,2018,0.103,58.69,72.138
3184,2018,0.269,56.462,65.308
3185,2018,0.333,69.6,72.967
3186,2018,0.533,67.0,68.533
3187,2018,0.516,65.097,67.484
3188,2018,0.548,65.129,64.065
3189,2018,0.774,71.29,57.419
3190,2018,0.613,66.871,64.452
3191,2018,0.036,57.464,82.179
3192,2018,0.483,61.138,64.069
3193,2018,0.433,56.2,59.633
3194,2018,0.464,69.964,69.607
3195,2018,0.871,77.645,60.355
3196,2018,0.367,65.6,68.767
3197,2018,0.226,58.903,69.0
3198,2018,0.276,63.586,72.069
3199,2018,0.806,81.161,64.065
3200,2018,0.71,61.0,55.452
3201,2018,0.533,65.8,67.3
3202,2018,0.519,61.815,64.296
3203,2018,0.594,60.156,57.594
3204,2018,0.107,55.643,71.214
3205,2018,0.552,60.276,60.724
3206,2018,0.719,69.219,60.5
3207,2018,0.5,64.133,61.733
3208,2018,0.806,67.806,57.161
3209,2018,0.214,60.643,71.643
3210,2018,0.581,66.419,58.452
3211,2018,0.844,72.406,58.75
3212,2018,0.594,67.031,67.125
3213,2018,0.5,63.25,63.321
3214,2018,0.562,64.25,62.062
3215,2018,,,
3216,2018,0.594,64.594,60.25
3217,2018,0.643,69.036,65.714
3218,2018,0.379,62.862,69.069
3219,2018,0.517,62.207,62.034
3220,2018,0.367,60.167,64.3
3221,2018,0.419,63.677,64.484
3222,2018,0.645,74.226,71.129
3223,2018,0.25,59.083,70.542
3224,2018,0.4,64.833,72.633
3225,2018,0.581,74.968,74.677
3226,2018,0.633,69.967,64.667
3227,2018,0.214,56.429,67.0
3228,2018,0.29,61.355,71.903
3229,2018,0.467,53.533,54.9
3230,2018,0.143,50.821,67.786
3231,2018,0.548,69.581,68.742
3232,2018,0.345,58.414,63.966
3233,2018,0.067,52.367,66.1
3234,2018,0.774,78.968,68.645
3235,2018,0.452,67.032,67.355
3236,2018,0.12,54.84,75.36
3237,2018,0.7,69.067,58.567
3238,2018,0.5,70.125,67.833
3239,2018,0.724,67.966,59.483
3240,2018,0.586,58.931,58.207
3241,2018,0.677,64.387,58.387
3242,2018,0.4,62.033,67.533
3243,2018,0.516,67.581,66.968
3244,2018,0.24,55.68,70.56
3245,2018,0.406,62.25,66.969
3246,2018,0.469,68.062,65.688
3247,2018,0.267,57.5,66.767
3248,2018,0.367,55.2,60.7
3249,2018,0.72,74.16,63.88
3250,2018,0.483,61.034,61.414
3251,2018,0.71,63.452,54.516
3252,2018,0.387,63.871,71.871
3253,2018,0.258,63.323,71.452
3254,2018,0.419,55.742,64.0
3255,2018,0.207,54.552,67.586
3256,2018,0.621,66.172,60.897
3257,2018,0.941,76.588,56.941
3258,2018,0.621,68.931,65.793
3259,2018,0.3,59.567,68.167
3260,2018,0.233,53.4,67.333
3261,2018,0.679,66.25,61.071
3262,2018,0.103,57.207,71.172
3263,2018,0.7,63.933,56.533
3264,2018,0.419,58.645,59.935
3265,2018,0.606,68.545,61.424
3266,2018,0.719,80.344,70.344
3267,2018,0.259,61.852,68.333
3268,2018,0.781,80.344,64.062
3269,2018,0.429,64.607,65.357
3270,2018,0.333,62.37,71.037
3271,2018,0.333,61.63,66.815
3272,2018,0.333,58.9,68.8
3273,2018,0.938,70.906,54.469
3274,2018,0.677,71.032,63.387
3275,2018,0.677,69.71,63.871
3276,2018,0.71,75.484,62.0
3277,2018,0.567,74.833,67.633
3278,2018,0.742,85.194,73.903
3279,2018,0.387,65.581,68.806
3280,2018,0.97,82.03,55.727
3281,2018,0.774,69.742,60.387
3282,2018,0.296,64.111,67.593
3283,2018,0.633,70.2,63.8
3284,2018,0.323,55.065,65.065
3285,2018,0.433,64.4,66.4
3286,2018,0.483,67.207,68.138
3287,2018,0.633,68.733,67.067
3288,2018,0.483,59.621,61.793
3289,2018,,,
3290,2018,0.067,57.533,73.3
3291,2018,0.31,63.931,70.759
3292,2018,0.6,57.733,56.0
3293,2018,0.345,69.69,76.897
3294,2018,0.812,70.5,63.531
3295,2018,0.231,65.308,74.962
3296,2018,0.5,77.5,76.467
3297,2018,0.267,56.6,62.5
3298,2018,0.774,64.258,53.806
3299,2018,0.724,65.276,59.345
3300,2018,0.276,62.828,71.897
3301,2018,0.75,67.0,57.406
3302,2018,,,
3303,2018,0.36,61.8,74.6
3304,2018,0.677,68.968,63.29
3305,2018,0.5,69.406,69.0
3306,2018,0.6,59.7,57.9
3307,2018,0.688,79.344,70.125
3308,2018,0.571,65.75,66.143
3309,2018,0.483,65.414,66.517
3310,2018,0.419,65.581,67.516
3311,2018,0.552,64.448,64.552
3312,2018,0.103,55.862,74.552
3313,2018,0.621,62.0,56.207
3314,2018,0.484,73.0,73.806
3315,2018,0.357,64.25,68.786
3316,2018,0.357,61.107,69.75
3317,2018,0.5,60.0,57.5
3318,2018,0.533,62.467,61.367
3319,2018,0.207,67.931,77.0
3320,2018,0.581,62.29,57.194
3321,2018,0.375,61.812,65.375
3322,2018,0.12,53.04,68.16
3323,2018,0.906,84.719,66.156
3324,2018,0.467,69.233,69.367
3325,2018,0.5,66.4,68.6
3326,2018,0.818,85.121,71.152
3327,2018,,,
3328,2018,0.533,75.933,72.133
3329,2018,0.667,78.867,67.833
3330,2018,0.258,54.581,62.516
3331,2018,0.536,65.857,63.25
3332,2018,0.882,81.941,63.118
3333,2018,0.767,73.567,58.067
3334,2018,0.452,73.613,75.452
3335,2018,0.714,64.929,55.786
3336,2018,0.516,68.935,69.71
3337,2018,0.333,67.133,73.233
3338,2018,0.333,59.267,63.167
3339,2018,0.179,62.429,73.071
3340,2018,0.567,72.1,71.7
3341,2018,0.448,68.483,72.552
3342,2018,0.4,60.067,68.0
3343,2018,0.828,68.0,54.345
3344,2018,0.323,59.677,66.903
3345,2018,0.581,66.065,62.645
3346,2018,0.844,72.188,58.156
3347,2018,0.733,60.3,52.6
3348,2018,0.103,57.621,72.862
3349,2018,0.71,64.839,56.903
3350,2018,0.452,65.29,65.484
3351,2018,0.452,63.0,64.355
3352,2018,0.774,62.0,53.806
3353,2018,0.625,64.938,60.031
3354,2018,0.357,56.929,62.643
3355,2018,0.806,78.419,61.581
3356,2018,0.533,64.267,63.8
3357,2018,0.452,62.839,67.226
3358,2018,0.08,54.76,69.8
3359,2018,0.467,57.867,62.833
3360,2018,0.516,63.903,62.452
3361,2018,0.345,64.483,69.724
3362,2018,0.516,68.71,69.355
3363,2018,0.207,67.793,81.172
3364,2018,0.414,66.172,68.103
3365,2018,0.276,50.276,58.448
3366,2018,0.107,53.679,77.679
3367,2018,0.296,62.556,73.259
3368,2018,0.276,62.552,71.931
3369,2018,0.414,62.31,63.448
3370,2018,0.562,68.906,67.938
3371,2018,0.516,66.581,64.935
3372,2018,0.778,68.963,59.63
3373,2018,0.548,61.226,61.258
3374,2018,0.333,56.033,61.367
3375,2018,0.6,67.233,62.833
3376,2018,0.812,76.094,60.562
3377,2018,0.793,72.621,60.655
3378,2018,0.788,75.121,61.818
3379,2018,0.464,64.964,66.179
3380,2018,0.552,66.828,65.034
3381,2018,0.1,58.733,70.3
3382,2018,0.267,63.033,69.333
3383,2018,0.433,62.867,64.533
3384,2018,0.719,80.125,71.156
3385,2018,0.533,66.367,61.733
3386,2018,0.562,64.656,62.406
3387,2018,0.531,72.25,70.469
3388,2018,0.667,71.233,65.8
3389,2018,0.133,52.1,66.733
3390,2018,0.688,67.969,61.531
3391,2018,0.517,63.241,64.138
3392,2018,0.586,62.103,58.931
3393,2018,0.733,73.633,66.0
3394,2018,0.556,61.185,59.37
3395,2018,0.613,74.419,71.548
3396,2018,0.387,66.161,72.742
3397,2018,0.774,77.484,64.419
3398,2018,0.192,66.654,75.654
3399,2018,0.185,58.481,65.963
3400,2018,0.812,80.719,63.75
3401,2018,0.727,77.061,67.303
3402,2018,0.719,70.719,57.75
3403,2018,0.233,62.733,75.2
3404,2018,0.548,71.0,67.097
3405,2018,0.548,67.71,68.581
3406,2018,0.3,62.967,68.6
3407,2018,0.552,80.0,77.69
3408,2018,0.452,62.839,66.645
3409,2018,0.333,62.167,65.967
3410,2018,0.407,61.037,65.37
3411,2018,0.586,62.828,58.31
3412,2018,0.8,71.133,61.967
3413,2018,0.806,71.613,61.71
3414,2018,0.567,71.767,70.9
3415,2018,0.333,66.061,70.727
3416,2018,0.677,59.774,55.484
3417,2018,0.774,75.065,62.419
3418,2018,0.531,60.656,62.344
3419,2018,0.071,55.643,74.357
3420,2018,0.133,51.533,64.967
3421,2018,0.516,59.742,59.742
3422,2018,0.37,60.519,63.815
3423,2018,0.345,58.793,64.828
3424,2018,0.633,67.867,66.2
3425,2018,0.645,67.742,60.645
3426,2018,0.6,62.467,62.933
3427,2018,0.286,59.393,71.5
3428,2018,0.567,71.467,63.3
3429,2018,0.207,57.931,67.966
3430,2018,0.321,60.893,68.214
3431,2018,0.548,64.903,64.161
3432,2018,,,
3433,2018,0.241,60.31,69.379
3434,2018,0.379,63.414,70.345
3435,2018,0.226,69.097,79.194
3436,2018,0.241,56.172,63.517
3437,2018,0.733,66.9,59.333
3438,2018,0.581,62.129,61.032
3439,2018,0.581,73.0,64.968
3440,2018,,,
3441,2018,0.107,51.964,65.357
3442,2018,0.679,79.107,68.679
3443,2018,0.742,75.452,62.839
3444,2018,0.5,68.267,69.733
3445,2018,,,
3446,2018,,,
3447,2018,0.179,54.857,67.464
3448,2018,0.452,66.194,65.419
3449,2018,0.233,67.067,75.967
3450,2018,0.333,65.933,69.8
3451,2018,0.643,77.179,71.893
3452,2018,0.656,73.344,62.25
3453,2018,0.906,65.219,46.094
3454,2018,0.645,65.355,60.355
3455,2018,0.452,65.645,68.935
3456,2018,0.533,65.8,65.333
3457,2018,0.069,49.31,73.345
3458,2018,0.3,60.633,66.033
3459,2018,0.259,59.0,68.037
3460,2018,0.677,71.194,62.065
3461,2018,0.655,60.828,57.759
3462,2018,0.333,58.633,66.067
3463,2018,0.536,67.214,65.357
3464,2018,0.483,62.414,65.069
3465,2018,,,
3466,2018,,,
